,label,filename,mean_r,mean_g,mean_b,median_r,median_g,median_b,rms_r,rms_g,rms_b,var_r,var_g,var_b,stddev_r,stddev_g,stddev_b
0,beach,0.jpeg,100.0044950363126,136.89784757225996,164.74408726326794,76.0,133.0,179.0,116.2916927906698,142.55026524721487,171.6228413749415,3522.8587846516502,1579.5574521335898,2313.785393401089,59.35367540979792,39.743646688918595,48.10182318167461
1,beach,1.jpg,142.3256576665841,179.79488729254396,193.73273718107507,131.0,180.0,218.0,168.66041696168773,187.64803307012164,202.19166286246187,8189.743419464675,2885.5828185468717,3349.095075415941,90.49720116923326,53.717621117719574,57.87136662820346
2,beach,10.jpg,98.51267558714119,138.15085891954917,154.16523013713842,87.0,148.0,173.0,122.39918276793153,146.1261975900277,165.5250624378131,5276.812690920185,2267.2058019106385,3631.62811180507,72.6416732387146,47.615184572892694,60.262991228490066
3,beach,11.jpg,148.2266857638889,189.03077213541667,189.80063585069445,161.0,215.0,217.0,163.69575980655648,197.70463407037101,202.49285919444068,4825.151406099174,3354.48951878749,4979.076655411661,69.46330978364891,57.91795506393065,70.56257262466882
4,beach,12.jpg,101.72322908445146,124.14210281833728,143.42126044133124,99.0,130.0,161.0,122.89721118306382,133.06450734964216,157.58584077935976,4756.109181206794,2294.901424044347,4263.639267557566,68.96455017765862,47.90512941266673,65.2965486649759
5,beach,13.jpeg,140.80085183333333,149.40702833333333,132.05015933333334,142.0,178.0,199.0,159.8257866360536,167.54690592885723,165.47405571569217,5719.402196841044,5749.505570935865,9944.41853504128,75.62672938082834,75.82549420172522,99.72170543588432
6,beach,14.jpg,116.31326160899143,177.430057675244,188.14934191067732,105.0,177.0,210.0,143.58768415334427,181.3612399615649,196.03176680657776,7088.648214398879,1410.473993755917,3028.2787358875353,84.19411033082349,37.55627768770378,55.0297986175448
7,beach,15.jpg,156.1490576044043,183.21543356931807,191.9553756324026,177.0,186.0,196.0,169.30943163900628,186.68515832579655,198.47289089042937,4283.155451179772,1283.4532411345283,2544.6221842275095,65.44582073119545,35.82531564598599,50.44424827695928
8,beach,16.jpg,125.03924210526316,151.47773185595568,167.01678559556785,103.0,145.0,184.0,149.69192386670073,166.33865240256844,181.18483416626225,6772.860004655511,4723.0440348776865,4933.337461180073,82.29738759313999,68.72440639887468,70.23772107051931
9,beach,18.jpg,104.91852974611595,146.40198307439687,180.7066270893857,105.0,138.0,209.0,129.75180635899028,157.15046159751617,193.1391566356863,5827.6333693342895,3262.72693219642,4647.848751921861,76.3389374391227,57.12028476991707,68.17513294392509
10,beach,19.jpg,152.94597037037036,179.68526666666668,185.96207777777778,136.0,179.0,184.0,165.99081084561635,183.4501526704593,189.73459329928332,4160.479432650973,1367.1634577437012,1417.3215230161738,64.50177852316146,36.97517353230004,37.6473308883402
11,beach,2.jpg,135.83890030475396,163.37046169729098,173.19707654585704,155.0,171.0,201.0,159.82265588944813,172.0415292163422,184.61122963941506,7091.074499552059,2908.3800199115162,4084.07878494538,84.20851797503659,53.929398475335475,63.90679764270293
12,beach,20.jpg,136.80354119425547,152.98107331821618,156.1365910808768,137.0,158.0,190.0,159.4592512936432,167.19782632932672,179.80325333346184,6712.043939840896,4551.904335658267,7950.574834940118,81.92706475787409,67.46780221452502,89.16599595664324
13,beach,21.jpg,109.00641354166666,153.44575104166665,171.10121822916668,116.0,156.0,173.0,135.63325458750887,160.79211133867855,184.05306987303283,6513.981556783152,2308.5045560088556,4599.905650182581,80.70924083884789,48.04689954626475,67.82260427160388
14,beach,22.jpg,163.19778282070519,143.75877156789198,128.4571102775694,160.0,145.0,131.0,172.0081192680989,152.68101976694507,137.20781886936956,2953.2767765544827,2644.9093943649227,2324.7563780260994,54.344059257240644,51.42868260382452,48.21572749659699
15,beach,23.jpg,187.8950241126543,136.49700520833332,85.45195119598766,201.0,132.0,86.0,196.54323727966417,147.86092749025795,90.8482140907141,3324.7040340754206,3231.421447435544,951.3620402707666,57.66024656620383,56.84559303442567,30.844157311730314
16,beach,24.jpg,144.39149790184274,165.63860609377852,175.8308337894545,168.0,176.0,186.0,162.09435975146278,175.79449136092978,184.11102981857852,5425.676796898783,3467.555364158101,2980.3891897627395,73.65919356671496,58.88595218010914,54.59294084185921
17,beach,25.jpg,125.67564566115702,141.99138429752065,145.33197830578513,103.0,140.0,150.0,154.2174717399946,154.46097878409986,159.10721697260811,7988.660677527337,3696.640752215952,4193.722574495398,89.37930788234678,60.800006185986135,64.75895748462446
18,beach,26.jpg,147.7165840657552,174.34741170247395,191.1726749674479,224.0,222.0,219.0,179.0743080464852,186.8719672349627,196.03938007046304,10247.418594272145,4524.112170913021,1884.4468842019699,101.22953419962055,67.26152073000596,43.41021635746555
19,beach,27.jpg,125.10708740234375,163.78605631510416,191.85368489583334,138.0,179.0,225.0,152.91822184562696,175.8604303240955,206.7733176947204,7732.199254130709,4101.0187105215655,5947.368502372063,87.93292474455009,64.03919667298744,77.11918375068595
20,beach,28.jpg,156.924027619087,176.93474123417027,189.45351015108068,161.0,182.0,177.0,165.21103473071005,179.35598586817255,196.01352255885075,2669.535552595896,862.6670111413199,2528.6685173634683,51.667548350932,29.37119356003974,50.28586796867951
21,beach,29.jpg,134.19346601941749,151.25712023898433,170.07385436893205,177.0,164.0,181.0,154.54660689260191,158.9477196729972,175.16562215575533,5876.767379711878,2385.6611662551477,1757.8792453081446,76.66007683085034,48.8432305059273,41.927070554811536
22,beach,3.jpeg,135.9105465091109,174.1549408551329,203.99672332351184,174.0,174.0,209.0,161.6102443563049,179.46289251970518,206.0476580997815,7646.1944284993815,1876.986367284412,840.9742816750285,87.4425207121763,43.324200711431615,28.999556577213873
23,beach,30.jpg,163.06930677143444,175.71611367356047,164.56146728487155,178.0,186.0,180.0,178.0611546864881,180.6834540012718,171.8927047185027,5114.175997369255,1770.3579452900694,2466.6254204925153,71.51346724477324,42.07562174573383,49.665132844808895
24,beach,31.jpg,93.44157903503415,148.0921081561268,178.4785653211926,84.0,145.0,198.0,128.13202373364598,161.0506703662133,186.80728430715075,7686.4868135190845,4006.045927280733,3042.3631911014327,87.67261153586726,63.29333240777209,55.15762133288049
25,beach,32.jpg,136.44139003753662,189.3152084350586,196.8052609761556,132.0,203.0,218.0,147.86456264465696,194.1594731102076,204.82704036482798,3247.675970720486,1857.6528536237504,3221.805716722156,56.988384524572076,43.100497138939716,56.76095239442478
26,beach,33.jpg,142.7573829201102,177.63950260177532,189.17377563513926,168.0,185.0,193.0,165.4564068326865,181.01690693232888,192.8303905613121,6996.152183784503,1211.3277107412748,1396.8421359741471,83.6430043923848,34.804133529528855,37.37435131175051
27,beach,34.jpg,152.4497505668934,170.65582766439908,191.16503401360544,190.0,189.0,194.0,179.92112794969594,181.02062100914543,192.32988493982805,9130.685834782831,3645.053714715575,446.71441154456915,95.55462225754876,60.374280241801436,21.135619497534705
28,beach,35.jpg,148.53098933333334,163.66220266666667,153.29451466666666,144.0,175.0,180.0,163.97268212317155,172.56010922574197,166.09695013856614,4825.585690327886,2991.674714294927,4088.988618444453,69.46643571054935,54.69620383806291,63.94520012045042
29,beach,36.jpg,117.57370524088542,159.49927137586806,176.3466916232639,86.0,180.0,222.0,148.89227879925525,171.835055948744,194.50026589622507,8345.334521964549,4087.2688834751852,6732.197787231728,91.3528024855535,63.93175176291656,82.04997128111458
30,beach,37.jpg,157.2070571010249,170.37533857979503,167.27389092240116,162.0,177.0,181.0,170.9352856533886,177.37936826850884,173.4530567166051,4504.813079040665,2435.6842911554954,2105.408300014457,67.11790431055387,49.35265232138487,45.884728396433346
31,beach,39.jpg,146.35688663623344,129.05904269602578,115.02421455424275,156.0,140.0,131.0,164.00521423366044,142.23562640182593,125.41477169931798,5477.372029977574,3574.7369163051944,2498.295026571583,74.00926989220724,59.78910365865334,49.98294735778977
32,beach,4.jpg,184.79981840193705,196.15799031477,181.67158595641646,193.0,201.0,204.0,189.32388709611263,200.51216232365917,190.3542383698753,1692.5613437926856,1727.1700753800517,3230.170921455688,41.14075040385974,41.5592357410486,56.83459264792604
33,beach,40.jpg,120.3695147540319,168.962994124067,207.89578041932003,120.0,178.0,222.0,148.64563396190957,177.9599234506839,212.46508167155807,7606.704413816906,3121.240971203779,1920.7554135437074,87.21642284465068,55.868067544920315,43.82642369100755
34,beach,41.jpg,122.97407092907093,149.3467782217782,151.21227272727273,125.0,145.0,151.0,140.3612155624403,156.52022257499212,157.8423422595788,4578.648713297665,2194.119909700066,2049.053586642902,67.66571298152164,46.84143368536093,45.266473097016316
35,beach,42.jpg,106.3743896196655,142.50374353618923,167.1497335836792,71.0,132.0,194.0,138.04270683288937,156.74511503451316,179.86821070924094,7740.278142794643,4261.714165354771,4413.539786648968,87.97885054258576,65.2818057758421,66.43447739426395
36,beach,43.jpg,149.12853798909074,168.3468625177168,156.64112227805694,152.0,177.0,186.0,164.122867118867,179.5702969760616,182.4371549874291,4696.994668553588,3904.8254365119146,8746.87433137804,68.53462386672585,62.48860245286267,93.5247257754763
37,beach,44.jpeg,101.78984809027777,151.5131423611111,160.1824453125,79.0,147.0,211.0,127.14351615603854,158.88425675946294,180.84955706313067,5804.300526279006,2287.9747378686234,7048.1465036385025,76.18596016510526,47.8327789059827,83.95323998297208
38,beach,45.jpg,149.38411302083333,174.47305494791667,185.63557096354165,182.0,190.0,205.0,173.01431357761814,182.427228224095,195.00403704922314,7618.339479713269,2838.8466946672916,3566.009258534678,87.28309962251151,53.28082858465408,59.71607202868151
39,beach,46.jpg,178.92073765305742,133.02616025903458,83.21243440395996,176.0,134.0,83.0,184.8102581557503,137.11950731991024,87.65575596098024,2142.2011572808688,1105.7999743925686,759.2223136575848,46.28391899224685,33.25357085175318,27.553989069780528
40,beach,47.jpg,111.4239563091074,94.37644286824718,97.92164140432699,106.0,84.0,97.0,133.6794309057285,105.75575553601512,104.97071111841774,5454.892207705567,2277.366860529868,1430.202337388704,73.85724208028327,47.72176506092234,37.81801604247246
41,beach,48.jpeg,155.71724081632652,176.5730993197279,200.48927346938777,155.0,188.0,203.0,162.8382698337494,180.54944304071648,201.63210895902793,2268.443034999152,1420.0419789384337,459.5585869823586,47.62817480230743,37.68344436139608,21.437317625634943
42,beach,49.jpg,121.4329761904762,151.257109375,163.11623883928573,108.0,150.0,172.0,140.506893154071,156.233368412468,169.8934260763445,4996.219317332767,1530.152269025239,2256.8688508834334,70.68393959969102,39.11716079964443,47.50651377320202
43,beach,5.jpg,94.94690946691176,152.9471435546875,184.74802102481618,59.0,157.0,189.0,136.28768656945851,160.54852464892423,194.37794437551483,9559.417893137024,2383.000045408048,3650.953987064815,97.7722756876254,48.81598145492978,60.42312460527687
44,beach,6.jpg,138.66940848214287,161.3255431547619,178.52189360119047,158.0,155.0,201.0,157.54985828613792,166.10160403976636,185.15825302814488,5592.752997194749,1563.811990404388,2413.512169479749,74.78471098556676,39.54506278164681,49.1275092944854
45,beach,7.jpg,122.76447430555555,146.45340694444445,151.0639,138.0,157.0,173.0,141.86589257846063,158.42742959668035,168.3562486506581,5054.815325563924,3650.6500429760613,5523.524576512223,71.09722445752664,60.4206094224153,74.32041830151539
46,beach,8.jpg,131.84865591836734,198.5825171020408,219.77979591836734,149.0,211.0,225.0,161.4814799573762,202.53800969624018,222.3609092477124,8692.200301744464,1586.6292731319506,1141.2152675501934,93.23197038432934,39.83251527498547,33.781877797869576
47,beach,9.jpeg,180.80978403477573,208.52927761311994,210.05719857735625,213.0,220.0,230.0,195.73069969022504,211.79750750315384,214.90307705374659,5618.328798522811,1373.7245626988617,2059.3058530016683,74.95551212901431,37.0637904523925,45.37957528450072
48,forest,0.jpg,67.91696666666667,92.67840877192982,33.454338596491226,52.0,83.0,20.0,87.01404846244405,110.47846392500246,52.61674660036496,2958.73026862345,3616.2035387311516,1649.329251878335,54.39421171984616,60.13487788905164,40.61193484529314
49,forest,1.jpg,69.98302556818182,67.91215198863637,52.22159549120234,48.0,50.0,44.0,96.97273228074685,87.32690288567706,59.91109166819919,4506.086938316612,3013.927579876826,862.2438692286012,67.12739335261433,54.89924935622368,29.36398932755223
50,forest,10.jpg,92.6216796875,108.48336588541666,47.954296875,82.0,101.0,34.0,108.2897096262498,121.67174076177263,69.8528325563526,3147.88566280365,3035.371826170815,2579.8036273701987,56.10602162694883,55.09420864456458,50.79176731883031
51,forest,11.jpg,76.9824953125,90.79788958333333,37.8558609375,63.0,77.0,21.0,96.16358374156422,113.11765812271163,59.8475235102715,3321.1302534817487,4551.347826379475,2148.659862993162,57.629248246717125,67.4636778302182,46.35363915587601
52,forest,13.jpg,64.44432581018519,50.876352237654324,16.996385513117286,54.0,46.0,11.0,80.6062660429436,62.3379457484057,26.975691208649568,2344.2989962565016,1297.616263121299,438.8107956739105,48.41796150455429,36.02244110441849,20.947811238263306
53,forest,14.jpeg,97.29661078462581,101.37831121327494,100.82294442118878,70.0,78.0,78.0,114.99181207409593,114.97390910470847,111.99426005614629,3756.486373909228,2941.4377903621394,2377.4481637656013,61.29018170889386,54.23502365042482,48.759082884787745
54,forest,15.jpg,106.92270079972184,116.3024600139082,77.34675764951321,96.0,105.0,64.0,122.13432834384574,130.18983183343747,101.95832068455728,3484.3302136954812,3423.130107532011,4412.978237922491,59.02821540327542,58.50752180302983,66.43025092472925
55,forest,16.jpg,53.06260416666667,63.890801215277776,25.135491753472223,41.0,50.0,15.0,69.13120912815596,81.80803983152505,39.1802490688956,1963.484114572483,2610.520901146249,903.2989714118244,44.31121883420138,51.0932569048622,30.054932563754395
56,forest,17.jpg,33.713948564974366,45.33427843262185,13.780193605375192,21.0,31.0,5.0,50.99210618025981,61.908644413527306,27.88139230192412,1463.5645648571538,1777.4834521140824,587.4783008921703,38.25656237637085,42.160211718088924,24.237951664531604
57,forest,18.jpg,95.8200129032258,90.3116597235023,31.833141628264208,82.0,74.0,10.0,115.53013239356898,109.80446584501219,59.96190266172457,4165.736618101216,3900.8248374947807,2582.0808648890047,64.54251790952392,62.456583620101895,50.81417976204088
58,forest,19.jpg,66.33883053626543,79.8142578125,25.209929108796295,52.0,66.0,15.0,83.04808647261608,96.36632447571665,42.73206635632097,2496.1442298437746,2916.1527427988876,1190.4889694104836,49.961427419998465,54.001414266654976,34.50346315097202
59,forest,2.jpeg,68.79136234989873,68.14432250976563,37.81717529296875,50.0,51.0,29.0,85.4774828256719,82.88438698268737,47.71542328235215,2574.1485362579715,2226.1729151809272,846.6228718749073,50.736067410255316,47.18233689826021,29.096784562471974
60,forest,20.jpg,61.42096096096096,66.02351951951952,32.70182582582583,47.0,57.0,23.0,79.2508564385663,78.90945546740366,48.119762754689134,2508.1638008783557,1867.597032417787,1246.1021552249185,50.08157146973681,43.21570353954436,35.30017216990476
61,forest,21.jpg,107.52984108939629,108.3909710128569,76.54843978435673,100.0,100.0,59.0,115.29185328552774,117.75462109422155,90.19361150083535,1729.544709300837,2117.548191933704,2275.2239221443306,41.58779519643758,46.016825096193934,47.699307354974565
62,forest,22.jpg,75.26871913580247,93.91702932098765,44.7095987654321,70.0,91.0,39.0,85.13183838851013,102.90063839050192,55.590354934362445,1582.049827063091,1768.132984693584,1091.3393399624676,39.77498996936506,42.04917341272696,33.03542553021631
63,forest,23.jpg,83.1193544841735,85.38616280773739,74.5607195193435,55.0,60.0,57.0,103.79886622156985,105.7587291897182,88.65391836022442,3865.3775390176584,3894.112000794713,2300.216345379127,62.17216048214553,62.402820455446665,47.9605707365866
64,forest,24.jpg,78.50468793402777,80.84393229166666,37.47417404513889,61.0,62.0,18.0,101.45299947692322,103.99711476867199,64.5553139185422,4129.7250752454975,4279.658491828749,2763.0748347561666,64.26293702629454,65.41909883076003,52.564958239840415
65,forest,25.jpg,49.36100533333333,51.091472,40.50928,40.0,41.0,34.0,60.4628277428923,62.62143236943722,49.15920107840105,1219.244691149305,1311.105280873216,775.6252845482667,34.917684504407006,36.20918779637588,27.85004999184502
66,forest,26.jpg,53.83337456597222,64.42424045138888,24.666948784722223,40.0,53.0,16.0,71.9792101995768,81.29224077193483,38.914789881583296,2282.9744837945964,2457.9456519838495,905.9025091796688,47.780482247405125,49.57767291819826,30.098214385236687
67,forest,27.jpg,111.90212121212122,105.94052341597796,101.42741046831956,107.0,101.0,95.0,118.99502837034623,113.00343043136434,109.64188475469574,1637.7320450872364,1546.3807876048238,1733.8232982530033,40.468902197702825,39.32404846407378,41.63920386190163
68,forest,28.jpg,77.90304056423153,98.89093208688479,89.59455696170602,61.0,86.0,76.0,98.17459216030669,115.75319640727872,110.64297850275253,3569.366816690247,3619.386029489181,4214.684054796176,59.74417809870889,60.16133334201612,64.92059807793036
69,forest,29.jpeg,50.18741773695298,63.769904808322124,65.97360719865281,33.0,48.0,49.0,71.8301752924807,80.06670263288206,81.59639687350533,2640.797183445083,2344.076111239899,2305.455135936457,51.388687310001245,48.41565977284518,48.01515527348065
70,forest,3.jpeg,89.2640629718493,93.67084053248442,99.68985415551889,78.0,81.0,87.0,98.16414554894745,107.2549292184389,112.78120350872862,1668.1265331126615,2729.3934755902137,2781.532843328634,40.84270477224374,52.24359746026506,52.74023931808268
71,forest,30.jpeg,93.8937269114991,79.78308175797713,27.28231523178808,75.0,63.0,8.0,113.3621585015584,98.36147868991308,54.50312116288467,4034.947026801279,3309.6403552661636,2226.2654920894306,63.52123288162218,57.52947379618697,47.18331794277964
72,forest,31.jpg,101.16271367521368,131.26030389363723,33.642661443494774,99.0,139.0,16.0,117.88852645609964,147.15633634568937,56.747692135258355,3663.810031857239,4425.719948435663,2088.4718936764525,60.52941460031841,66.52608472197701,45.699801899750646
73,forest,32.jpg,103.078974609375,98.9353564453125,67.88794596354167,92.0,86.0,58.0,118.11935885449903,114.635099383837,80.4355891017193,3326.9079296777413,3353.001255781149,1861.1107869918715,57.67935444921121,57.90510561065535,43.14059326193686
74,forest,33.jpg,38.842240635201684,51.16330631328501,11.567357383942898,28.0,42.0,4.0,53.402717304598426,65.87686857885191,23.00476736164397,1343.1305579519437,1722.0779008482957,395.41556451550144,36.648745653186324,41.49792646444272,19.885058826050816
75,forest,34.jpg,109.85239669421487,122.14661157024793,96.67338842975207,100.0,108.0,61.0,123.2798232515631,137.82886322244002,130.90388752285028,3130.3657614734875,4077.000819097058,7790.08373810532,55.94967168333955,63.85139637546745,88.26145103104368
76,forest,36.jpg,61.83444140625,64.22430736019737,23.27617927631579,49.0,53.0,11.0,78.7809156120902,80.09996564609085,41.42009247266451,2382.934520656311,2291.242840607832,1173.8435387408863,48.81531030994591,47.86692846431482,34.26140012814547
77,forest,37.jpg,110.22530346679687,105.20242211914062,29.864033203125,102.0,91.0,26.0,127.0418430498316,127.71753158922287,38.34043667556039,3990.0123611505833,5244.218255510293,578.1286053153037,63.16654463519897,72.41697491272535,24.044305049539354
78,forest,38.jpg,84.26734342403125,111.80903835057038,47.3527693195437,64.0,104.0,17.0,105.9701679261734,131.1872190857881,81.37138492226289,4128.691322557766,4708.825394583243,4379.017521937154,64.25489337441753,68.62088162201971,66.17414541901658
79,forest,39.jpg,96.67174187965921,97.78364616613419,84.7868493743344,89.0,93.0,74.0,111.67718494324482,110.15334994086602,102.75919325680114,3126.3679588002533,2572.119045651159,3370.6419719625346,55.91393349425752,50.71606299439221,58.05723014373434
80,forest,4.jpg,77.81014,107.84695166666667,37.898175,59.0,103.0,24.0,105.62945316845423,130.89140635784054,57.33998327229148,5103.163489847067,5501.595274540997,1851.6020133360419,71.43642971094697,74.17273942993475,43.030245332045716
81,forest,40.jpg,60.408357533670035,50.58134180345118,18.478607559974748,43.0,31.0,7.0,78.24875464089784,71.07176740192266,33.4735565355251,2473.697942935722,2492.7239829954387,779.0200497814391,49.736283967901365,49.92718681235143,27.910930650579157
82,forest,41.jpg,111.14378462614137,127.4336666528409,113.18204376448003,71.0,103.0,76.0,140.6007818416168,149.74701404841673,142.7924247418773,7415.638993451822,6184.828819829342,7579.501532960027,86.11410449776402,78.64368264412178,87.06033271794927
83,forest,42.jpg,135.2273829201102,126.62457300275481,105.69997245179063,135.0,114.0,76.0,151.0724929519658,144.54180174534505,136.3011710465106,4536.4530352996535,4858.549963660647,7405.525052340839,67.35319617731332,69.70329951774627,86.05536039283572
84,forest,43.jpg,79.09871840302387,88.26469111741082,45.97807406094968,66.0,75.0,31.0,96.03008700632196,105.39586163888224,64.82745388693583,2965.1703574409016,3317.631952550469,2088.6154831086183,54.45337783316019,57.59888846627571,45.701372879910494
85,forest,44.jpg,71.98286328125,82.19959765625,45.56608203125,63.0,76.0,40.0,89.99536570099735,98.62792048511795,56.71354015328923,2917.633241489121,2970.6928443693696,1140.1578050401458,54.0151204894437,54.504062640957045,33.766222842363426
86,forest,45.jpg,45.572757483402015,49.456951479510074,55.36775340544872,34.0,36.0,37.0,61.52821467767674,66.96056455129425,77.36668313111969,1708.844976781301,2037.7271553814312,2920.0155415445024,41.338178198625315,45.14119133764007,54.03716814882607
87,forest,46.jpg,83.26228352864584,62.975216471354166,7.457381184895834,68.0,46.0,2.0,112.65001566921079,90.18928585773726,14.055542318130982,5757.4181718688305,4168.2293939147285,141.94573571993246,75.8776526512835,64.56182613522273,11.914098191635507
88,forest,47.jpg,112.89225982887902,116.44813268056535,109.53163143002803,88.0,89.0,77.0,138.15268154301057,142.41664750067702,139.67457589729625,6341.501088253364,6722.333880541539,7511.808868366067,79.633542482131,81.98984010559808,86.67069209580633
89,forest,48.jpg,76.54932454427083,77.43299967447916,79.87783040364583,49.0,53.0,63.0,108.08934338764092,105.51154493660329,102.27268451092067,5823.507065787249,5136.816676320964,4079.234207076706,76.31190644838621,71.67158904559717,63.86888293274516
90,forest,49.jpg,94.90471458333333,113.03824114583334,128.08120520833333,74.0,98.0,128.0,116.48392681503316,135.48690660332275,153.4378129596265,4561.600356106037,5579.057899593931,7138.367318214138,67.53962063934055,74.69309137794426,84.48885913665859
91,forest,5.jpeg,146.14647084340336,150.82069405713577,148.41963407076904,166.0,176.0,152.0,177.79531380831042,176.9947413572413,171.29553195163118,10252.382672213826,8580.2567122406,7313.771488891316,101.25405015214861,92.6296751167821,85.52059102281342
92,forest,6.jpg,82.05309581126625,98.09208554004172,64.0824747231584,70.0,94.0,50.0,100.51159356682034,113.52859846627165,84.51744298565387,3369.86990912884,3266.685424121074,3036.634602189017,58.05058060974791,57.15492475824873,55.105667604966165
93,forest,7.jpg,77.42626966722362,74.31587577160494,48.93204425512083,65.0,62.0,41.0,88.75072505959139,84.82755778683496,56.62677249348157,1881.8639640215508,1672.8651683782057,812.2464080434172,43.380456014449074,40.90067442449092,28.499936983148178
94,forest,8.jpg,41.277476424715054,64.8608923815237,20.87465074985003,31.0,53.0,14.0,56.954072036472446,82.2609094235905,32.028477366985626,1539.9362615427856,2559.921858668562,590.072318519296,39.24202162915139,50.595670354967744,24.291404210528793
95,forest,9.jpg,74.73814717005739,72.0814423578508,37.60183718049035,51.0,55.0,19.0,104.2020887425856,95.25681308698493,62.420199746540526,5272.284655904527,3878.126107100616,2482.3831770499114,72.61049962577401,62.27460242426776,49.823520319723606
96,jungle,0.jpg,74.78646614583333,101.39321267361112,59.567171875,59.0,87.0,43.0,95.6158687497574,122.7033885888265,79.95031237995745,3549.3788381889576,4775.537994904422,2843.804484466987,59.57666353689973,69.10526749028921,53.327333371048915
97,jungle,1.jpg,86.80967668494955,98.11258911412577,81.09737984327253,69.0,85.0,57.0,111.82954387334514,120.4129592359481,112.58084186248068,4969.9269167749535,4873.20060928083,6097.660937020856,70.49770859237167,69.8083133249961,78.08752100701402
98,jungle,10.jpg,91.15074652777778,111.4328046875,73.5865915798611,78.0,108.0,61.0,115.2116711541799,132.88511978684403,96.9857639650911,4965.270577567697,5241.185100241368,3991.251951551075,70.4646760977988,72.39602958893096,63.17635595340297
99,jungle,11.jpeg,44.551301215277775,63.68177821180556,40.49905859375,34.0,52.0,33.0,56.67855356329921,77.6262299928272,50.4831705447125,1227.6399940533668,1970.4627066817127,908.3767612665321,35.03769390318613,44.38989419543273,30.139289329155257
100,jungle,12.jpg,84.38679916570216,129.796160783179,77.00334141107253,72.0,129.0,69.0,99.66878876470942,139.8168678891947,92.2117769280549,2812.7355803917167,2701.7131922916647,2573.497215759162,53.03522961571597,51.97800681337891,50.72964829130162
101,jungle,13.jpg,67.85597658484697,77.658177314252,68.33262322118135,56.0,68.0,53.0,88.71932492493418,97.08377029933482,84.26737717169819,3266.685056852748,3394.4659517621994,2431.6434591093075,57.1549215453293,58.26204555078889,49.31169698062831
102,jungle,16.jpg,98.42225260416667,131.53441623263888,59.14061284722222,90.0,127.0,42.0,111.63233376897723,143.12742064152673,79.95843112726345,2774.838135029942,3184.1558858354324,2895.738620388307,52.676732387553635,56.42832520849287,53.81206760930402
103,jungle,17.jpg,41.34254147376543,79.41367959104939,32.10845148533951,25.0,62.0,18.0,62.34108586389729,100.34784267397575,48.68257873926231,2177.2052511798,3763.1570231311343,1339.0408159180745,46.66053204990059,61.34457615088016,36.592906633910275
104,jungle,18.jpg,84.44488309548238,93.19308599944036,69.89848661505457,67.0,92.0,57.0,104.91494162592078,103.48741578135662,87.45013686660387,3876.206695360677,2024.6939470042958,2761.728006912788,62.259189645872176,44.99659928266019,52.55214559761369
105,jungle,19.jpg,56.799775390625,92.74094311523437,24.64731396484375,49.0,93.0,16.0,72.39713852090858,105.21468270534825,36.302087382681506,2015.1311815901756,2469.2469268839695,710.351462658262,44.890212536700865,49.69151765526959,26.652419452242267
106,jungle,2.jpg,69.45910961914062,80.76999047851562,28.78899755859375,55.0,67.0,17.0,85.95329508680453,97.06860972223824,46.92238681351731,2563.401027195503,2898.5236315086986,1372.9040038486266,50.6300407583828,53.837938588960654,37.05271925039546
107,jungle,20.jpg,49.09077645895153,60.634020771513356,26.31625618199802,36.0,49.0,13.0,67.8937413444624,80.9944336598346,42.63500214046329,2199.6557804060135,2883.6138089570363,1125.1980680807605,46.900488061490506,53.69929058150616,33.543972157166486
108,jungle,21.png,70.23040130615234,68.64523559570313,47.222433166503905,53.0,51.0,32.0,88.4993755098713,87.57561233920613,64.4587616356312,2899.8301980140027,2957.319506597327,1924.9737574341932,53.8500714764057,54.38124223109773,43.87452287414865
109,jungle,24.jpg,24.056339569160997,30.406250566893423,9.870853174603175,16.0,21.0,4.0,34.37050183309088,42.5219961219486,18.341126868523,602.6239227917223,883.5800806583047,238.96319241268267,24.548399597361175,29.72507494790055,15.458434345453057
110,jungle,25.jpg,81.01388244238156,88.48158344003414,72.10381121959027,57.0,69.0,43.0,109.65177084512513,114.32636310231656,105.96348688129945,5460.261701083811,5241.5266921470065,6029.300959653009,73.89358362594015,72.39838873999204,77.64857345536367
111,jungle,26.jpg,84.34996388381995,95.41714606143552,55.47731751824818,67.0,79.0,47.0,101.15959108450882,111.40062890879176,64.56670797509253,3118.346461183307,3305.668358765011,1091.12701972035,55.84215666665558,57.49494202766893,33.03221185025838
112,jungle,27.jpg,85.6900595703125,98.63403979492188,63.328162109375,70.0,86.0,46.0,105.0115964392445,116.83308298606734,86.41417687984023,3684.6490775550456,3921.2954737630653,3456.9538496690334,60.701310344629675,62.62024811323463,58.79586592328608
113,jungle,28.jpg,43.763214111328125,66.14330418904622,25.724618275960285,23.0,40.0,10.0,69.12310050759707,92.50156918818519,50.41818936573252,2862.7841144294166,4181.603613231911,1880.237833474994,53.50499149078912,64.66532001955848,43.36170930066058
114,jungle,29.jpg,105.71207422823448,113.13094693028096,82.22169614984391,96.0,104.0,72.0,120.03479483120701,127.10441885202113,96.79705104611617,3233.309332534206,3356.922138367978,2609.2617734671617,56.86219598761735,57.938951823173134,51.08093356103784
115,jungle,3.jpg,53.45246104491292,66.99880384967919,40.95440375802016,40.0,53.0,29.0,68.27970228604772,82.06805768177426,55.70270072868365,1804.9521525133773,2246.326374371241,1425.527681294358,42.48472846227662,47.3954256692694,37.75616083891949
116,jungle,30.jpg,76.68738964577656,104.03806539509537,78.47781925522253,70.0,104.0,64.0,93.97207794468795,117.2037925968769,97.22880628248588,2949.7957025593482,2912.8099479375937,3294.672656061791,54.31202171305491,53.97045439810187,57.39923915925882
117,jungle,31.jpg,74.43224635416667,74.40384947916667,63.945813541666666,60.0,59.0,47.0,88.9212984100969,91.10313267859765,81.98049655634564,2366.8380136101437,2763.8479665356776,2631.7347461194,48.6501594407474,52.57231178610731,51.30043612016763
118,jungle,32.jpg,104.32033173289358,135.16500261041324,72.04311044875436,97.0,133.0,64.0,115.0257369539227,143.8704093528227,81.69646221511223,2348.1885489320566,2429.1167566757463,1484.102175333841,48.45811128110604,49.2860706150911,38.52404671544568
119,jungle,33.jpg,62.40555355674342,71.32955844626001,61.541605249749715,47.0,60.0,45.0,83.26054097122204,89.98848080559323,76.58824709003505,3037.864568096973,3010.020769560197,2078.390415608242,55.1168265423271,54.86365618112046,45.58936735257731
120,jungle,34.jpeg,102.31410167772862,90.44717632282449,66.49589065956859,86.0,69.0,44.0,128.2999202465964,119.61366700595869,95.63147785792953,5992.694133162412,6126.737629840269,4723.676082682366,77.41249339197395,78.27347973509463,68.72900466820661
121,jungle,35.jpg,85.23237760416667,98.29392230902778,62.28238411458333,70.0,86.0,44.0,104.23025771882148,116.14312219743088,85.74118310124193,3599.3884320726934,3827.5296708741735,3472.455108604192,59.994903384143335,61.86703218091339,58.927541172224316
122,jungle,36.jpg,58.994213545479504,84.4555270863836,16.211103358345536,47.0,74.0,10.0,76.88597574689105,97.66420839460672,29.69028701181702,2431.136034701882,2405.5615459062938,618.7132707491085,49.30655164074935,49.04652429995722,24.873947630987495
123,jungle,37.jpg,46.363119964996265,38.50541528324711,26.901200250516904,27.0,19.0,10.0,65.94368452502877,59.108936368946296,47.240494414158086,2199.0306358478842,2011.1993525328223,1507.989737575691,46.89382300311934,44.84639731943718,38.83284354223485
124,jungle,38.jpg,54.09854677565849,47.63019981834696,25.388952770208903,40.0,35.0,12.0,75.40450877558686,65.34855961239757,46.024115317251834,2759.1871804494467,2001.7983086794188,1473.6202679677967,52.52796569875371,44.741460734752714,38.387761955704015
125,jungle,39.jpeg,78.8710636235045,75.53070255926387,67.86239389180578,53.0,48.0,40.0,104.75977827691645,102.10697963668173,100.25920602578425,4753.966467525802,4720.948261429748,5446.603888194055,68.9490135355525,68.7091570420548,73.8011103452655
126,jungle,4.jpg,53.674426359953706,64.57552240065587,22.990716869212964,43.0,52.0,15.0,68.22920278660338,81.40710078478311,34.39987289313228,1774.2800678253545,2457.117964866228,654.7781929033439,42.12220397635141,49.56932483770812,25.588634057005542
127,jungle,40.jpg,57.85931520061728,65.49391203703703,41.64336612654321,17.0,35.0,26.0,91.41908409688973,93.02334208180172,60.425526058611,5009.748581629815,4363.889658152756,1917.0742571105502,70.7795774332527,66.05974309784104,43.784406551996916
128,jungle,41.jpg,98.53554242250942,97.92788862020927,67.3593634562837,78.0,85.0,61.0,119.73973742487678,115.4212688042246,79.06191808888363,4628.351598080282,3732.1979227649576,1713.5030466576175,68.03198952022704,61.09171730083349,41.39448087194255
129,jungle,42.jpg,92.33889191643961,102.84574114441416,59.648138964577655,85.0,99.0,45.0,106.99037196405271,115.12145025892629,81.75315828267213,2920.468732650443,2675.701838174593,3125.678407254077,54.04136131381632,51.72718664468997,55.9077669671583
130,jungle,43.jpg,99.3124111328125,127.23069205729166,46.09774989149305,89.0,122.0,29.0,116.27853685406008,145.38201621327806,67.17602723510186,3657.7431279082266,4948.281636860466,2387.6160900324976,60.47927850022871,70.34402346227053,48.86323863634601
131,jungle,44.jpg,108.11385191615226,138.34573627989968,63.22327614615484,99.0,137.0,48.0,122.98085499837903,151.74809932235465,84.9176036652828,3435.6857199846295,3887.942901119655,3213.8167656011,58.61472272377162,62.35337120893829,56.690535061869895
132,jungle,45.jpg,69.72288194444444,80.34869878472222,49.677387152777776,57.0,67.0,34.0,87.42371403214125,97.7867743192853,74.6185697083005,2781.625508534674,3106.339835372811,3100.0881509855294,52.741117816507014,55.7345479516324,55.67843524189171
133,jungle,46.jpg,67.41147665895062,74.93494212962963,51.78672357253087,55.0,59.0,38.0,84.10062741982017,95.45419604012527,69.48879988329543,2528.6083470671633,3496.2579896957254,2146.828570842955,50.285269682752656,59.129163614038426,46.33388145669382
134,jungle,47.jpg,38.57794045549762,54.944861485174364,37.005357859148475,31.0,44.0,23.0,50.15179771364827,68.81273610700713,53.87154830420649,1026.9453241227764,1716.2548469076057,1532.7472064088115,32.04598764467677,41.427706271378405,39.15031553396232
135,jungle,48.jpg,89.37979678638942,88.81653276622558,44.747172337744175,79.0,77.0,37.0,101.84316505969451,101.97568710663128,54.005354658200645,2383.2821957999136,2510.6642682555425,914.2688995342568,48.81887130813159,50.106529197855465,30.2368797916428
136,jungle,49.jpg,60.59271264367816,95.72844189016602,60.26031673052363,35.0,88.0,37.0,88.68042855492156,113.68794660413712,85.79011761835174,4192.7415831651915,3761.01461634624,3728.6385085076,64.75138286681754,61.327111593048635,61.062578626418976
137,jungle,5.jpg,75.74296999249812,103.19833570892723,59.66519579894974,64.0,92.0,46.0,92.87749657797978,121.68975833937782,75.85650627260638,2889.2318673081772,4158.500791603728,2194.2739541589617,53.751575486753666,64.48643881936518,46.84307797486158
138,jungle,6.jpg,72.85149560546876,74.9330107421875,24.3242734375,57.0,57.0,11.0,91.85460403922671,96.83753518750571,41.05857599330079,3129.9278712494925,3762.552122302619,1094.1363843353881,55.94575829541944,61.33964559974747,33.07773245455903
139,jungle,8.jpg,39.983185281635805,57.34631655092593,38.47887152777778,26.0,43.0,25.0,55.86859622260999,71.36586984992707,54.0468797904641,1522.644938619413,1804.4873574777273,1440.4416610336493,39.02108325789295,42.479257967597874,37.95315087095733
140,sunrise,0.jpg,183.35509295352324,111.228976011994,65.18620989505247,188.0,94.0,24.0,190.8166320239709,124.6446890735537,100.6638774580413,2791.896944976372,3164.4134095661416,5883.97426440572,52.83840407295031,56.25311910966486,76.70706789081251
141,sunrise,1.jpg,130.47201930732484,111.3083266985138,85.19073281581741,120.0,112.0,88.0,143.60076719631763,117.14543203166913,92.25308829497358,3598.2325172400747,1333.5086534633315,1253.1713422642013,59.98526916868903,36.517237757849806,35.40016020110928
142,sunrise,10.jpg,87.84911600748698,89.43093363444011,83.51232528686523,83.0,86.0,83.0,105.63822592369749,104.04305503406722,98.20223951848409,3441.9675930092476,2827.06541009431,2669.371371626529,58.668284387812534,53.17015525738391,51.6659595055248
143,sunrise,11.jpeg,84.15278912490922,56.725774378681514,60.18460068183652,45.0,35.0,31.0,111.68640623277015,72.35623735533055,73.95045117833523,5392.161419689918,2017.6116053598514,1846.4830702472266,73.43133813086834,44.91783170812958,42.970723408469944
144,sunrise,13.jpg,80.83742404513889,114.875732421875,133.3015190972222,55.0,95.0,119.0,105.95155097738726,136.65010923345662,147.6413284347549,4691.04202826029,5476.8184540534,4028.666868352066,68.49118212047658,74.00552988833604,63.47178009440153
145,sunrise,14.jpg,132.3560307576894,117.23239309827457,117.08895311327832,146.0,129.0,142.0,152.0585703946266,132.52311415257407,134.287558366209,5603.689952527186,3818.9417931478006,4323.325390794501,74.85779820784997,61.797587276104885,65.75199913914786
146,sunrise,15.jpg,203.50988437261412,155.97802447571542,114.56018127610088,219.0,169.0,130.0,209.65928703296453,163.8508769548671,124.20684930931752,2540.743601816241,2517.965759532122,2303.3062813344145,50.405789368050186,50.17933598137905,47.99277321987566
147,sunrise,16.jpeg,47.460051123886906,44.08267546270845,25.66711907890037,2.0,24.0,20.0,90.88931613802447,69.0533972509694,41.00499250349562,6008.411335355797,2825.08939594971,1022.608408401281,77.51394284485725,53.15157002337475,31.97824898898126
148,sunrise,17.jpg,151.72896124775045,64.2449048590282,5.037642951409718,149.0,45.0,4.0,171.69463508885866,84.38990512556926,13.617163144120044,6457.370036974984,2994.2482867569947,160.04928558769325,80.35776276735798,54.719724841751486,12.651058674581082
149,sunrise,18.jpg,172.5141304976852,128.07266444830248,65.83295524691358,186.0,125.0,58.0,185.50665204990537,142.05497418629406,82.12777963332505,4651.592733392304,3777.008312181194,2410.994190957874,68.20258597291091,61.45736987686012,49.101875635843825
150,sunrise,2.jpg,43.887355143229165,83.22383138020834,124.52322591145834,2.0,81.0,141.0,77.68974641219486,98.75442116619281,137.77664018758844,4109.596756123222,2826.2295902684423,3476.368789984121,64.10613664949106,53.16229481755319,58.96073939482205
151,sunrise,20.jpg,149.7866636422467,85.90298416849578,25.71986710342849,171.0,80.0,18.0,173.2717433778283,106.37405035082871,39.47768829589506,7587.052448116438,3936.1158989878068,896.9763093698267,87.10368791340834,62.7384722398291,29.949562757573386
152,sunrise,21.jpg,152.86264086914062,132.17515161132812,103.024072265625,146.0,134.0,121.0,167.09431331653573,144.12469517242673,121.14072917938574,4553.522569236748,3301.6570550673455,4061.116799920559,67.47979378478233,57.4600474683701,63.72689228199159
153,sunrise,22.png,100.90402325581395,78.27770930232558,101.685,93.0,77.0,102.0,108.1853407513623,78.7730680130338,102.06727529451598,1522.4460442785287,77.79647056665739,77.88946104651136,39.018534624951364,8.820230754728438,8.825500611665683
154,sunrise,23.jpg,171.89766088486678,153.08180147058823,93.69913241578682,188.0,160.0,95.0,186.23965543328168,168.04337724583652,108.24044378373664,5136.403438218837,4804.538694705934,2936.4662550290977,71.6687061290968,69.3147797710267,54.189171012565765
155,sunrise,24.jpg,194.75796392746915,160.38713638117284,109.36373360339506,207.0,170.0,94.0,202.25838429625784,172.46827202510053,131.39337515464516,2977.7895049593476,4021.27133877114,5303.79280685496,54.56912593178809,63.41349492632574,72.8271433385586
156,sunrise,25.jpg,127.0646410962877,93.66541273926914,97.0372328161253,123.0,90.0,104.0,143.9157801053834,105.99059907698732,106.99937287211594,4566.328746412663,2460.7975490810245,2032.6412424151997,67.57461613958797,49.60642648973039,45.08482275018057
157,sunrise,26.jpg,146.92522236826548,81.35951531517031,32.71980605056277,130.0,74.0,25.0,159.97343481343643,95.70798252036455,48.12084489038374,4004.478878044533,2540.6471857989727,1245.0300049779266,63.28095193693386,50.404832960728804,35.28498271188363
158,sunrise,27.jpg,174.16321720354807,90.38509803921569,112.9672298085901,170.0,95.0,103.0,185.34360283141024,98.44094869761022,132.31077667836973,4019.424883837277,1521.1544329268959,4744.546614606618,63.39893440616551,39.0019798590648,68.88066938268398
159,sunrise,28.jpg,164.40480613425925,90.33295428240741,70.48634452160493,154.0,63.0,65.0,173.12145543625962,112.43842563474766,76.65660565777891,2942.0980523254584,4482.356929833172,907.910426953836,54.241110352992024,66.95040649490616,30.13155201701094
160,sunrise,29.jpg,171.9751351851852,164.3238888888889,158.8910888888889,165.0,164.0,184.0,178.8868639619694,172.12646498475516,170.4753485709015,2425.062976185428,2625.1794885802483,3815.466342073582,49.24492843111286,51.23650542904198,61.76946124156809
161,sunrise,3.jpg,138.7085123966942,97.393608815427,83.85380165289256,128.0,96.0,89.0,153.62232650595396,107.47547276090049,91.02980424953131,4359.767789798056,2065.4622070866444,1254.9652100653416,66.02853769241037,45.447356436724064,35.425488141525186
162,sunrise,30.jpg,125.62645397665239,74.5047363595644,50.37773473586966,116.0,69.0,26.0,142.58416788410602,91.68251990195488,66.26251974045205,4548.238992454974,2854.7287155641548,1852.8053652361493,67.44063309648698,53.42966138358126,43.044225689819875
163,sunrise,31.jpg,210.15159930555555,138.5188923611111,13.749491666666666,230.0,137.0,2.0,216.37304831105158,150.25712405231315,27.168875574819065,2653.60134473389,3389.7197875231373,549.0992789082638,51.51311818104094,58.221300118797906,23.432867492226894
164,sunrise,32.jpg,151.88505425347222,151.35697554976852,110.6897477816358,157.0,148.0,122.0,170.41948047205,164.9852039953117,135.18120744203355,5973.729618783225,4311.18348980139,6021.738581523963,77.2899063188928,65.65960318035276,77.59986199423271
165,sunrise,33.jpg,56.89808959960938,101.71144409179688,141.8131396484375,32.0,99.0,144.0,83.73796824575895,106.93114004662029,148.42959801006566,3774.654725842558,1089.0508524312004,1920.378988482453,61.43821877172676,33.00077048238723,43.82212898162814
166,sunrise,34.jpg,116.21510160197218,48.8313386269053,32.589938241660356,100.0,24.0,21.0,138.55903285560828,84.43357523750589,63.60090776312777,5692.655745524822,4744.528995292074,2982.971393698651,75.44969016188749,68.88054148518341,54.61658533539653
167,sunrise,35.jpeg,125.82482185005858,160.155599076611,167.63234657132446,100.0,165.0,174.0,139.53561849149688,164.4705848982655,171.75002754517126,3638.3030342055854,1400.7573811894044,1397.468344758454,60.318347409437415,37.42669343115158,37.3827278934865
168,sunrise,36.jpg,141.67460339506172,113.6156049382716,91.64893209876543,133.0,108.0,100.0,159.1065270958617,127.60528794821036,109.09906803021615,5243.1937173581355,3374.6038268562716,3503.079890217612,72.4099006860121,58.09134037751472,59.1868219303724
169,sunrise,37.jpg,140.99855522682446,96.10026134122288,58.44956114398422,136.0,81.0,22.0,151.4511851529096,110.98378222142895,89.85702957643215,3056.8689081690413,3082.1396863222335,4657.934566375453,55.28895828435404,55.51702159087998,68.2490627508939
170,sunrise,39.jpg,170.2661123731769,126.10500024661056,102.07301498943795,203.0,169.0,120.0,188.44234904232613,146.51475284404836,122.61756053935395,6519.969889914578,5564.101713754929,4616.1657635881065,80.74633050433052,74.59290659141075,67.9423709005515
171,sunrise,4.jpg,81.46033866666667,81.90401066666666,85.60577066666667,63.0,68.0,88.0,111.57294908713313,97.14676462617442,97.59825495707732,5812.736192311971,2729.226914047886,2197.0713992327396,76.2413024043528,52.242003350253384,46.87292821269799
172,sunrise,40.jpg,118.9707953125,62.500960416666665,7.7833182291666665,127.0,59.0,3.0,146.34344264684074,83.54461206570016,21.708484504432057,7262.353068440396,3073.3321522026,410.6782568226885,85.21944067195228,55.43764201517413,20.2651981688482
173,sunrise,41.jpg,122.55974912280702,98.23885701754386,62.50590438596491,116.0,84.0,44.0,143.80413194659005,121.93365168826482,85.51255293609893,5658.736259866885,5216.942385921662,3405.408626541735,75.22457218134834,72.22840428752156,58.35587910863596
174,sunrise,42.jpg,89.10091118800462,54.153748558246825,56.8370184544406,70.0,42.0,56.0,113.22807799772468,66.12915694248548,66.05046491737674,4881.625272526137,1440.436915014055,1132.2172490111932,69.86862867214539,37.95308834619463,33.64843605594758
175,sunrise,43.jpg,136.66042675095724,118.60862056485585,97.87287434903057,137.0,135.0,109.0,153.42357714465808,130.965311856438,107.96041643835957,4862.721784109093,3083.90803735612,2076.351984202896,69.73321865588231,55.53294551305666,45.56700543378834
176,sunrise,44.jpg,182.89253189344197,89.83341819674125,18.314627918287936,202.0,83.0,7.0,196.12202911482174,102.13881583723348,33.77941390935102,5014.172081721302,2362.294675721695,805.6232082739255,70.8108189595439,48.603443043900654,28.383502396179466
177,sunrise,45.jpg,50.340754160165396,57.858137616020166,71.46118742285807,18.0,20.0,24.0,82.89181910640906,88.73313307261401,112.33191389066701,4336.8621453554315,4526.0048164879,7511.75757045538,65.85485665731444,67.27558856292451,86.67039615956178
178,sunrise,46.jpg,156.43431416666667,123.1177125,95.34958416666667,156.0,123.0,76.0,171.58080594625574,136.61132547913687,117.1496044914365,4968.278320371301,3504.6831179340106,4632.486631743751,70.48601506945403,59.20036417061985,68.06237309809107
179,sunrise,47.jpg,132.2939524945339,101.29319055191148,87.87157125819917,131.0,107.0,99.0,145.97390314660439,113.54291668485963,95.21993127873888,3806.6905332282477,2631.6834771191257,1345.4222773429806,61.69838355441938,51.29993642412362,36.67999832801224
180,sunrise,48.jpg,219.12778051948052,179.44354415584417,147.954312987013,246.0,207.0,169.0,224.585420248759,193.90240797082205,168.40125447985716,2421.626792918059,5398.1582776727255,6468.5037789306125,49.210027361484556,73.47215988163629,80.42700901395384
181,sunrise,49.jpg,154.48203317901235,128.31673804012345,122.31491319444444,156.0,129.0,122.0,166.42202531293523,140.31499189406483,137.50245953888907,3831.5919341377894,3223.1116889738155,3945.988389479347,61.89985407202338,56.77245537207119,62.81710268294254
182,sunrise,5.jpg,141.6661045485404,104.83377325186694,104.89652410047522,147.0,105.0,100.0,162.26037661553778,118.33136346332823,124.10660230589306,6259.1446414581815,3012.1915648664394,4399.167967551523,79.11475615495621,54.88343616125397,66.32622383003213
183,sunrise,6.jpg,216.4010898206361,186.95660942122782,137.37880570451185,253.0,221.0,157.0,226.98494784035597,201.64671483622965,157.36216151394402,4692.734870530118,5708.623797962188,5889.913619542594,68.50353910952425,75.5554352641965,76.74577264932964
184,sunrise,7.jpg,117.53497815597288,114.44782048774127,116.68402940792906,113.0,120.0,125.0,138.04502432611318,129.4346877829651,133.84141574269867,5241.957651072163,3655.0347870794076,4298.361849139459,72.40136498072508,60.45688370301109,65.56189326994347
185,sunrise,8.png,67.23349166666667,98.56959513888889,96.13119027777778,31.0,98.0,86.0,104.96053557964854,111.03834234861297,114.60527809253232,6496.37162747493,2613.5483856833102,3893.1640224443504,80.60007213070551,51.12287536595834,62.395224356070315
186,sunrise,9.jpg,165.69258880615234,117.29924392700195,62.994101206461586,189.0,97.0,44.0,186.40011127997968,140.61306668207862,81.59716735953432,7290.967499904121,6012.921895892384,2689.840934289928,85.38716238348783,77.54303254253334,51.863676444019355
